{"cameraMode":{"drawMode":0,"name":"Shaded","section":"Shading Mode"},"sceneLighting":true,"audioPlay":false,"sceneViewState":{"m_AlwaysRefresh":false,"showFog":true,"showSkybox":true,"showFlares":true,"showImageEffects":true,"showParticleSystems":true,"showVisualEffectGraphs":true,"m_FxEnabled":true},"in2DMode":false,"pivot":{"x":16.718130111694337,"y":-1.1792151927947999,"z":-3.3307642936706545},"rotation":{"x":0.05588603392243385,"y":0.7683809399604797,"z":-0.06777506321668625,"w":0.6339952945709229},"size":8.973072052001954,"orthographic":false}